<?xml version="1.0" encoding="UTF-8"?>
<!DOCTYPE mapper
    PUBLIC "-//mybatis.org//DTD Mapper 3.0//EN"
    "http://mybatis.org/dtd/mybatis-3-mapper.dtd">

<mapper namespace="com.one.board.IDao">
	<sql id="includeCount2">
		<choose>
			<when test="param2==1">
                     WHERE (BTITLE LIKE '%'||#{param1}||'%')          
			</when>
			<when test="param2==2">
                     WHERE (BCONTENT LIKE '%'||#{param1}||'%')        
			</when>
			<when test="param2==3">
                     WHERE (BTITLE LIKE '%'||#{param1}||'%' or BCONTENT LIKE '%'||#{param1}||'%')         
			</when>
			<otherwise>
				
			</otherwise>
			
		</choose>
    </sql>
	<sql id="includeList2">
		<choose>
			<when test="param4==1">
                     WHERE (BTITLE LIKE '%'||#{param3}||'%')          
			</when>
			<when test="param4==2">
                     WHERE (BCONTENT LIKE '%'||#{param3}||'%')        
			</when>
			<when test="param4==3">
                     WHERE (BTITLE LIKE '%'||#{param3}||'%' or BCONTENT LIKE '%'||#{param3}||'%')         
			</when>
			<otherwise>
				
			</otherwise>
			
		</choose>
    </sql>

	<select id="list" resultType="com.one.board.BoardDto">
		SELECT BID,BNAME,BTITLE,BCONTENT,BDATE,
		BHIT,BGROUP,BSTEP,BINDENT FROM
		(SELECT BID,BNAME,BTITLE,BCONTENT,BDATE,
		BHIT,BGROUP,BSTEP,BINDENT, ROW_NUMBER()
		OVER(ORDER BY BGROUP DESC,BSTEP ASC) B_SEQ 
		FROM MVC_BOARD
		<include refid="includeList2" />
		) 
		WHERE B_SEQ BETWEEN #{param1} AND #{param2}
	</select>
	<select id="selectBoardCount" resultType="Integer">
		SELECT COUNT(*) FROM MVC_BOARD
		<include refid="includeCount2" />
	</select>
	
	
	<insert id="write2">
		INSERT INTO MVC_BOARD(BID,BNAME,BTITLE,
					BCONTENT, BHIT,BGROUP,BSTEP,BINDENT,FILESRC)
					 VALUES(MVC_BOARD_SEQ.NEXTVAL,
					#{param1},#{param2},#{param3},0,
					MVC_BOARD_SEQ.CURRVAL,0,0,#{param4})
	</insert>
	<select id="contentView2" resultType="com.one.board.BoardDto">
		SELECT * FROM MVC_BOARD WHERE BID=#{param1}
	</select>
	
	<update id="modify2">
		UPDATE MVC_BOARD SET BNAME=#{param2},
					BTITLE=#{param3},BCONTENT=#{param4}
					 WHERE BID=#{param1}
	</update>
	<delete id="delete2">
		DELETE FROM MVC_BOARD WHERE BID=#{param1}
	</delete>

	<update id="stepup2">
		UPDATE MVC_BOARD SET BSTEP=BSTEP+1
				 WHERE (BGROUP=#{param1} 
				 AND BSTEP>#{param2})
	</update>
	
	
</mapper>