<?xml version="1.0" encoding="UTF-8"?>
<!DOCTYPE mapper
    PUBLIC "-//mybatis.org//DTD Mapper 3.0//EN"
    "http://mybatis.org/dtd/mybatis-3-mapper.dtd">

    <mapper namespace="com.one.notice.IDao">
    <sql id="includeCount2">
		<choose>
			<when test="param2==1">
                     WHERE (NTITLE LIKE '%'||#{param1}||'%')          
			</when>
			<when test="param2==2">
                     WHERE (NCONTENT LIKE '%'||#{param1}||'%')        
			</when>
			<when test="param2==3">
                     WHERE (NTITLE LIKE '%'||#{param1}||'%' or NCONTENT LIKE '%'||#{param1}||'%')         
			</when>
			<when test="param2==4">
				  WHERE (NNAME LIKE '%'||#{param1}||'%')        
			</when>
			<otherwise>
				
			</otherwise>
			
		</choose>
    </sql>
	<sql id="includeList2">
		<choose>
			<when test="param4==1">
                     WHERE (NTITLE LIKE '%'||#{param3}||'%')          
			</when>
			<when test="param4==2">
                     WHERE (NCONTENT LIKE '%'||#{param3}||'%')        
			</when>
			<when test="param4==3">
                     WHERE (NTITLE LIKE '%'||#{param3}||'%' or NCONTENT LIKE '%'||#{param3}||'%')         
			</when>
			<when test="param4==4">
                     WHERE (NNAME LIKE '%'||#{param3}||'%')         
			</when>
			<otherwise>
				
			</otherwise>
			
		</choose>
    </sql>
    
    
    <select id="notice" resultType="com.one.notice.NoticeDto">
		SELECT NID,NNAME,NTITLE,NCONTENT,NDATE,
		NHIT,NGROUP,NSTEP,NINDENT FROM
		(SELECT NID,NNAME,NTITLE,NCONTENT,NDATE,
		NHIT,NGROUP,NSTEP,NINDENT, ROW_NUMBER()
		OVER(ORDER BY NGROUP DESC,NSTEP ASC) NOTICE_SEQ 
		FROM NOTICE
				<include refid="includeList2" />
		) 
		WHERE NOTICE_SEQ BETWEEN #{param1} AND #{param2}
	</select>
		
	<select id="selectNoticeCount" resultType="Integer">
		SELECT COUNT(*) FROM NOTICE	
			<include refid="includeCount2" />
	</select>
		<insert id="write">
		INSERT INTO NOTICE(NID,NNAME,NTITLE,
					NCONTENT, NHIT,NGROUP,NSTEP,NINDENT)
					 VALUES(NOTICE_SEQ.NEXTVAL,
					#{param1},#{param2},#{param3},0,
					NOTICE_SEQ.CURRVAL,0,0)
	</insert>
	<select id="contentView" resultType="com.one.notice.NoticeDto">
		SELECT * FROM NOTICE WHERE NID=#{param1}
	</select>
		<update id="upHit">
		UPDATE NOTICE SET
				 NHIT=NHIT+1 WHERE NID=#{param1}
	</update>		
	
	<update id="modify">
		UPDATE NOTICE SET NNAME=#{param2},
					NTITLE=#{param3},NCONTENT=#{param4}
					 WHERE NID=#{param1}
	</update>
		
		<delete id="delete">
		DELETE FROM NOTICE WHERE NID=#{param1}
	</delete>
		 
		<update id="stepup">
		UPDATE NOTICE SET NSTEP=NSTEP+1
				 WHERE (NGROUP=#{param1} 
				 AND NSTEP>#{param2})
	</update>	
	<insert id="replywrite">
		INSERT INTO NOTICEREPLY(RID,RSEQ,RNAME,RCONTENT,RDATE)
		VALUES( #{param1},NOTICEREPLY_SEQ.NEXTVAL,#{param2},#{param3},sysdate )
	</insert>
	
	<select id="linereple" resultType="com.one.reply.ReplyDto">
		SELECT * FROM NOTICEREPLY WHERE RID=#{param1}
	
	</select>
	
	<delete id="linedel">
		DELETE FROM NOTICEREPLY WHERE RSEQ=#{param1}
	</delete>

	
	<select id="maxbid" resultType="Integer">
		SELECT MAX(NID) FROM NOTICE
	</select>	 
	
	<update id="rmodify">
	UPDATE NOTICEREPLY SET RNAME=#{param2 },RCONTENT=#{param3}
		WHERE RID=#{param1 }
	</update>
	
    </mapper>